Workbook

Sheet Insights
A1: Content rating & genre analysis: audience insights
A2: Source: Dataset.csv, 8,790 titles (6,126 movies, 2,664 TV shows). Live figures are on the other tabs.
A4: Metric | B4: Value
A5: Total titles | B5: =Ratings!E19 -> 8790
A6: Movies | B6: =Ratings!C19 -> 6126
A7: TV shows | B7: =Ratings!D19 -> 2664
A8: Adults share | B8: ='Audience Groups'!E8 -> 0.45585893
A9: Teens share | B9: ='Audience Groups'!E7 -> 0.30113766
A10: Family share | B10: ='Audience Groups'!E6 -> 0.13060296
A11: Kids share | B11: ='Audience Groups'!E5 -> 0.10307167
A12: Kids share, TV shows | B12: ='Audience Groups'!G5 -> 0.17417417
A13: Kids share, movies | B13: ='Audience Groups'!F5 -> 0.072151485
A14: TV-MA + TV-14 share | B14: =(Ratings!E15+Ratings!E13)/Ratings!E19 -> 0.61001138
A16: Key findings
A17: 1. Adults are the largest audience (45.6%). TV-MA alone is 3,205 titles; with Teens (30.1%), about three in four titles target viewers 14 and over.
A18: 2. Kids content is small but TV-led: 17.4% of TV shows are Kids-rated versus 7.2% of movies. Kids' TV is 91% Kids-rated.
A19: 3. The family middle (PG, TV-PG) is thin at 13.1%. Documentaries (22%) and Docuseries (25%) lean toward it more than most adult genres.
A20: 4. Romantic Movies (48%) and International Movies (41%) skew Teens, above the 30% average.
A21: 5. Crime TV Shows (75%), Independent Movies (71%) and Thrillers (68%) skew Adults and carry the TV-MA and R volume.
A22: 6. Dramas (3,188 incl. TV Dramas) and Comedies (2,247) are the broadest genres, spread across Teens, Adults and Family.
A23: 7. NR and UR labels cover 82 titles and none were added after 2019, so newer content is almost always rated.
A24: 8. Additions peaked in 2019 for Adults, Teens and Family and in 2020 for Kids; the 2021 drop reflects a partial year.

Sheet Ratings
A1: Rating distribution by content type
A2: Blue = counts taken from Dataset.csv (8,790 titles). Black = formulas.
A4: Rating | B4: Audience group | C4: Movies | D4: TV Shows | E4: Total | F4: % of all titles
A5: TV-Y | B5: Kids | C5: 131 | D5: 175 | E5: =C5+D5 -> 306 | F5: =E5/$E$19 -> 0.034812287
A6: TV-Y7 | B6: Kids | C6: 139 | D6: 194 | E6: =C6+D6 -> 333 | F6: =E6/$E$19 -> 0.037883959
A7: TV-Y7-FV | B7: Kids | C7: 5 | D7: 1 | E7: =C7+D7 -> 6 | F7: =E7/$E$19 -> 0.00068259386
A8: G | B8: Kids | C8: 41 | D8: 0 | E8: =C8+D8 -> 41 | F8: =E8/$E$19 -> 0.0046643914
A9: TV-G | B9: Kids | C9: 126 | D9: 94 | E9: =C9+D9 -> 220 | F9: =E9/$E$19 -> 0.025028441
A10: PG | B10: Family | C10: 287 | D10: 0 | E10: =C10+D10 -> 287 | F10: =E10/$E$19 -> 0.032650739
A11: TV-PG | B11: Family | C11: 540 | D11: 321 | E11: =C11+D11 -> 861 | F11: =E11/$E$19 -> 0.097952218
A12: PG-13 | B12: Teens | C12: 490 | D12: 0 | E12: =C12+D12 -> 490 | F12: =E12/$E$19 -> 0.055745165
A13: TV-14 | B13: Teens | C13: 1427 | D13: 730 | E13: =C13+D13 -> 2157 | F13: =E13/$E$19 -> 0.24539249
A14: R | B14: Adults | C14: 797 | D14: 2 | E14: =C14+D14 -> 799 | F14: =E14/$E$19 -> 0.090898749
A15: TV-MA | B15: Adults | C15: 2062 | D15: 1143 | E15: =C15+D15 -> 3205 | F15: =E15/$E$19 -> 0.36461889
A16: NC-17 | B16: Adults | C16: 3 | D16: 0 | E16: =C16+D16 -> 3 | F16: =E16/$E$19 -> 0.00034129693
... A18: UR | B18: Unrated | C18: 3 | D18: 0 | E18: =C18+D18 -> 3 | F18: =E18/$E$19 -> 0.00034129693
A19: Total | C19: =SUM(C5:C18) -> 6126 | D19: =SUM(D5:D18) -> 2664 | E19: =SUM(E5:E18) -> 8790 | F19: =SUM(F5:F18) -> 1

Sheet Audience Groups
A1: Audience groups (rating -> audience)
A2: Kids = TV-Y, TV-Y7, TV-Y7-FV, G, TV-G | Family = PG, TV-PG | Teens = PG-13, TV-14 | Adults = R, TV-MA, NC-17 | Unrated = NR, UR. Grouping is my assumption.
A4: Audience | B4: Movies | C4: TV Shows | D4: Total | E4: % of all | F4: % of movies | G4: % of TV shows
A5: Kids | B5: =SUMIFS(Ratings!$C$5:$C$18,Ratings!$B$5:$B$18,$A5) -> 442 | C5: =SUMIFS(Ratings!$D$5:$D$18,Ratings!$B$5:$B$18,$A5) -> 464 | D5: =B5+C5 -> 906 | E5: =D5/D$10 -> 0.10307167 | F5: =B5/B$10 -> 0.072151485 | G5: =C5/C$10 -> 0.17417417
A6: Family | B6: =SUMIFS(Ratings!$C$5:$C$18,Ratings!$B$5:$B$18,$A6) -> 827 | C6: =SUMIFS(Ratings!$D$5:$D$18,Ratings!$B$5:$B$18,$A6) -> 321 | D6: =B6+C6 -> 1148 | E6: =D6/D$10 -> 0.13060296 | F6: =B6/B$10 -> 0.13499837 | G6: =C6/C$10 -> 0.1204955
A7: Teens | B7: =SUMIFS(Ratings!$C$5:$C$18,Ratings!$B$5:$B$18,$A7) -> 1917 | C7: =SUMIFS(Ratings!$D$5:$D$18,Ratings!$B$5:$B$18,$A7) -> 730 | D7: =B7+C7 -> 2647 | E7: =D7/D$10 -> 0.30113766 | F7: =B7/B$10 -> 0.3129285 | G7: =C7/C$10 -> 0.27402402
A8: Adults | B8: =SUMIFS(Ratings!$C$5:$C$18,Ratings!$B$5:$B$18,$A8) -> 2862 | C8: =SUMIFS(Ratings!$D$5:$D$18,Ratings!$B$5:$B$18,$A8) -> 1145 | D8: =B8+C8 -> 4007 | E8: =D8/D$10 -> 0.45585893 | F8: =B8/B$10 -> 0.46718903 | G8: =C8/C$10 -> 0.4298048
A9: Unrated | B9: =SUMIFS(Ratings!$C$5:$C$18,Ratings!$B$5:$B$18,$A9) -> 78 | C9: =SUMIFS(Ratings!$D$5:$D$18,Ratings!$B$5:$B$18,$A9) -> 4 | D9: =B9+C9 -> 82 | E9: =D9/D$10 -> 0.0093287827 | F9: =B9/B$10 -> 0.012732615 | G9: =C9/C$10 -> 0.0015015015
A10: Total | B10: =SUM(B5:B9) -> 6126 | C10: =SUM(C5:C9) -> 2664 | D10: =SUM(D5:D9) -> 8790 | E10: =SUM(E5:E9) -> 1 | F10: =SUM(F5:F9) -> 1 | G10: =SUM(G5:G9) -> 1
A12: Movies vs TV gap (percentage points, TV minus Movies)
A13: Audience | B13: Gap (pp)
A14: =A5 -> Kids | B14: =(G5-F5)*100 -> 10.202269
A15: =A6 -> Family | B15: =(G6-F6)*100 -> -1.4502872
A16: =A7 -> Teens | B16: =(G7-F7)*100 -> -3.8904477
A17: =A8 -> Adults | B17: =(G8-F8)*100 -> -3.7384226
A18: =A9 -> Unrated | B18: =(G9-F9)*100 -> -1.1231114

Sheet Genres
A1: Top genres by audience group (movies + TV combined)
A2: Movie and TV genre names merged (e.g. Dramas includes TV Dramas). A title with several genres counts once per genre, so totals exceed 8,790. Blue = counts.
A4: Genre | B4: Kids | C4: Family | D4: Teens | E4: Adults | F4: Unrated | G4: Total | H4: Kids % | I4: Family % | J4: Teens % | K4: Adults % | L4: Unrated %
A5: Dramas | B5: 46 | C5: 318 | D5: 1154 | E5: 1640 | F5: 30 | G5: =SUM(B5:F5) -> 3188 | H5: =B5/$G5 -> 0.014429109 | I5: =C5/$G5 -> 0.099749059 | J5: =D5/$G5 -> 0.36198243 | K5: =E5/$G5 -> 0.51442911 | L5: =F5/$G5 -> 0.0094102886
A6: International Movies | B6: 57 | C6: 307 | D6: 1119 | E6: 1233 | F6: 36 | G6: =SUM(B6:F6) -> 2752 | H6: =B6/$G6 -> 0.020712209 | I6: =C6/$G6 -> 0.11155523 | J6: =D6/$G6 -> 0.40661337 | K6: =E6/$G6 -> 0.44803779 | L6: =F6/$G6 -> 0.013081395
A7: Comedies | B7: 221 | C7: 360 | D7: 771 | E7: 880 | F7: 15 | G7: =SUM(B7:F7) -> 2247 | H7: =B7/$G7 -> 0.09835336 | I7: =C7/$G7 -> 0.16021362 | J7: =D7/$G7 -> 0.34312417 | K7: =E7/$G7 -> 0.39163329 | L7: =F7/$G7 -> 0.0066755674
A8: International TV Shows | B8: 27 | C8: 134 | D8: 471 | E8: 715 | F8: 2 | G8: =SUM(B8:F8) -> 1349 | H8: =B8/$G8 -> 0.020014826 | I8: =C8/$G8 -> 0.099332839 | J8: =D8/$G8 -> 0.34914752 | K8: =E8/$G8 -> 0.53002224 | L8: =F8/$G8 -> 0.0014825797
A9: Action & Adventure | B9: 18 | C9: 82 | D9: 405 | E9: 511 | F9: 10 | G9: =SUM(B9:F9) -> 1026 | H9: =B9/$G9 -> 0.01754386 | I9: =C9/$G9 -> 0.079922027 | J9: =D9/$G9 -> 0.39473684 | K9: =E9/$G9 -> 0.49805068 | L9: =F9/$G9 -> 0.0097465887
A10: Documentaries | B10: 52 | C10: 187 | D10: 260 | E10: 348 | F10: 22 | G10: =SUM(B10:F10) -> 869 | H10: =B10/$G10 -> 0.059838895 | I10: =C10/$G10 -> 0.21518987 | J10: =D10/$G10 -> 0.29919448 | K10: =E10/$G10 -> 0.4004603 | L10: =F10/$G10 -> 0.025316456
A11: Independent Movies | B11: 5 | C11: 41 | D11: 154 | E11: 539 | F11: 17 | G11: =SUM(B11:F11) -> 756 | H11: =B11/$G11 -> 0.0066137566 | I11: =C11/$G11 -> 0.054232804 | J11: =D11/$G11 -> 0.2037037 | K11: =E11/$G11 -> 0.71296296 | L11: =F11/$G11 -> 0.022486772
A12: Children & Family Movies | B12: 331 | C12: 280 | D12: 29 | E12: 1 | F12: 0 | G12: =SUM(B12:F12) -> 641 | H12: =B12/$G12 -> 0.51638066 | I12: =C12/$G12 -> 0.43681747 | J12: =D12/$G12 -> 0.04524181 | K12: =E12/$G12 -> 0.0015600624 | L12: =F12/$G12 -> 0
A13: Thrillers | B13: 4 | C13: 9 | D13: 184 | E13: 433 | F13: 4 | G13: =SUM(B13:F13) -> 634 | H13: =B13/$G13 -> 0.0063091483 | I13: =C13/$G13 -> 0.014195584 | J13: =D13/$G13 -> 0.29022082 | K13: =E13/$G13 -> 0.6829653 | L13: =F13/$G13 -> 0.0063091483
A14: Romantic Movies | B14: 17 | C14: 95 | D14: 295 | E14: 205 | F14: 4 | G14: =SUM(B14:F14) -> 616 | H14: =B14/$G14 -> 0.027597403 | I14: =C14/$G14 -> 0.15422078 | J14: =D14/$G14 -> 0.4788961 | K14: =E14/$G14 -> 0.33279221 | L14: =F14/$G14 -> 0.0064935065
A15: Crime TV Shows | B15: 4 | C15: 4 | D15: 110 | E15: 350 | F15: 1 | G15: =SUM(B15:F15) -> 469 | H15: =B15/$G15 -> 0.0085287846 | I15: =C15/$G15 -> 0.0085287846 | J15: =D15/$G15 -> 0.23454158 | K15: =E15/$G15 -> 0.74626866 | L15: =F15/$G15 -> 0.0021321962
A16: Kids' TV | B16: 407 | C16: 41 | D16: 0 | E16: 0 | F16: 0 | G16: =SUM(B16:F16) -> 448 | H16: =B16/$G16 -> 0.90848214 | I16: =C16/$G16 -> 0.091517857 | J16: =D16/$G16 -> 0 | K16: =E16/$G16 -> 0 | L16: =F16/$G16 -> 0
... A18: Music & Musicals | B18: 39 | C18: 65 | D18: 129 | E18: 141 | F18: 1 | G18: =SUM(B18:F18) -> 375 | H18: =B18/$G18 -> 0.104 | I18: =C18/$G18 -> 0.17333333 | J18: =D18/$G18 -> 0.344 | K18: =E18/$G18 -> 0.376 | L18: =F18/$G18 -> 0.0026666667

Sheet Yearly Trend
A1: Titles added per year by audience group
A2: Year added to the catalogue. 2021 is a partial year. Blue = counts.
A4: Year | B4: Kids | C4: Family | D4: Teens | E4: Adults | F4: Unrated | G4: Total | H4: Adults %
A5: 2015 | B5: 19 | C5: 10 | D5: 16 | E5: 32 | F5: 5 | G5: =SUM(B5:F5) -> 82 | H5: =E5/G5 -> 0.3902439
A6: 2016 | B6: 65 | C6: 53 | D6: 104 | E6: 177 | F6: 27 | G6: =SUM(B6:F6) -> 426 | H6: =E6/G6 -> 0.41549296
A7: 2017 | B7: 108 | C7: 187 | D7: 352 | E7: 513 | F7: 25 | G7: =SUM(B7:F7) -> 1185 | H7: =E7/G7 -> 0.43291139
A8: 2018 | B8: 134 | C8: 217 | D8: 504 | E8: 779 | F8: 14 | G8: =SUM(B8:F8) -> 1648 | H8: =E8/G8 -> 0.47269417
A9: 2019 | B9: 157 | C9: 279 | D9: 629 | E9: 945 | F9: 6 | G9: =SUM(B9:F9) -> 2016 | H9: =E9/G9 -> 0.46875
A10: 2020 | B10: 227 | C10: 232 | D10: 561 | E10: 859 | F10: 0 | G10: =SUM(B10:F10) -> 1879 | H10: =E10/G10 -> 0.45715806
A11: 2021 | B11: 192 | C11: 155 | D11: 472 | E11: 679 | F11: 0 | G11: =SUM(B11:F11) -> 1498 | H11: =E11/G11 -> 0.45327103
A13: Peak year | B13: =INDEX($A$5:$A$11,MATCH(MAX(B5:B11),B5:B11,0)) -> 2020 | C13: =INDEX($A$5:$A$11,MATCH(MAX(C5:C11),C5:C11,0)) -> 2019 | D13: =INDEX($A$5:$A$11,MATCH(MAX(D5:D11),D5:D11,0)) -> 2019 | E13: =INDEX($A$5:$A$11,MATCH(MAX(E5:E11),E5:E11,0)) -> 2019 | F13: =INDEX($A$5:$A$11,MATCH(MAX(F5:F11),F5:F11,0)) -> 2016
